{
  "2D": 3.02399969100952,
  "3D": 3.99900007247925,
  "Editor": 301.720999956131,
  "Script": 294.698000192642
}